{
  "dtw_cost": 70.73456086238613,
  "path_len": 47,
  "impact": {
    "coach": 20,
    "student": 21
  },
  "scores": {
    "punch": {
      "rmse": 0.31123533844947815,
      "score": 11.075617585863384
    },
    "core": {
      "rmse": 0.8690871652626453,
      "score": 0.0
    },
    "feet": {
      "rmse": 0.38525035977363586,
      "score": 0.0
    },
    "final_score": 3.765709979193551
  },
  "path": [
    [
      0,
      0
    ],
    [
      1,
      1
    ],
    [
      2,
      2
    ],
    [
      3,
      3
    ],
    [
      4,
      4
    ],
    [
      5,
      5
    ],
    [
      5,
      6
    ],
    [
      6,
      7
    ],
    [
      7,
      8
    ],
    [
      8,
      9
    ],
    [
      9,
      10
    ],
    [
      10,
      11
    ],
    [
      11,
      12
    ],
    [
      11,
      13
    ],
    [
      12,
      14
    ],
    [
      13,
      15
    ],
    [
      14,
      16
    ],
    [
      15,
      17
    ],
    [
      16,
      18
    ],
    [
      17,
      19
    ],
    [
      18,
      19
    ],
    [
      19,
      20
    ],
    [
      20,
      21
    ],
    [
      21,
      22
    ],
    [
      22,
      23
    ],
    [
      23,
      24
    ],
    [
      24,
      25
    ],
    [
      25,
      26
    ],
    [
      26,
      27
    ],
    [
      27,
      28
    ],
    [
      28,
      29
    ],
    [
      29,
      30
    ],
    [
      30,
      31
    ],
    [
      31,
      32
    ],
    [
      32,
      33
    ],
    [
      33,
      34
    ],
    [
      34,
      35
    ],
    [
      35,
      36
    ],
    [
      36,
      37
    ],
    [
      37,
      37
    ],
    [
      38,
      38
    ],
    [
      39,
      39
    ],
    [
      40,
      40
    ],
    [
      41,
      41
    ],
    [
      42,
      42
    ],
    [
      43,
      43
    ],
    [
      43,
      44
    ]
  ],
  "outputs": {
    "video": "outputs\\side_by_side_analysis.mp4"
  },
  "errors": {}
}